MWCO-SHAP,CA-SHAP,Size-SHAP,logKow-SHAP,Init_conc-SHAP,Pres-SHAP,IS-SHAP,charge_product-SHAP,
2.6908445,0.43688232,-0.5741458,-3.2168565,0.6514345,-0.6051171,1.1283509,4.1051536,
2.090816,0.26010254,-0.092153,-0.2529585,0.71406454,-0.0631364,1.2000055,1.9625738,
1.9607297,0.22207017,-1.4983782,-0.1618426,1.2983699,0.07107157,0.945934,2.9994774,
1.570071,0.0727919,0.0768555,0.6986464,0.24487461,-0.0562416,1.2185583,2.0665765,
2.3913403,0.5305783,-2.8028078,-2.423979,1.9487826,-0.409787,1.3541112,3.4442513,
1.620417,0.20449217,-1.8647147,0.3537317,0.32984936,-0.2969317,1.580522,2.5554063,
1.8268676,0.09352154,-0.3392352,0.7489081,-0.5783302,-0.1324523,1.2770358,2.1036818,
1.6083757,0.09464375,-0.501387,0.9577918,-0.1969815,-0.0319463,1.3616018,2.053224,
1.4804474,0.2035531,0.0467981,0.70045537,0.5927944,-0.2399316,1.2997673,1.4332216,
1.4911427,0.04280597,0.65876913,1.0727179,0.14783952,-0.367428,1.4998899,1.5364206,
2.5916336,0.23818392,-0.6625175,-2.9627168,1.8919896,-0.5558568,-0.3283449,3.6778917,
2.014626,-0.0205376,-0.0209306,-0.2355528,0.15589803,0.01661262,-0.0136986,1.9965217,
2.002061,-0.0358275,-1.3246119,-0.0712861,1.2577661,0.00732309,-0.1317034,2.799916,
1.8877438,-0.1386728,-0.0514984,0.6723022,1.2294185,0.0044456,-0.353024,2.5193331,
2.1912303,0.24976407,-3.3238587,-2.7646492,-0.3800321,-0.4921246,-0.5610254,3.583764,
1.3558618,-0.042361,-1.9164667,0.34789166,0.94213194,-0.3839441,-0.3215016,2.2300456,
1.6055582,-0.1672072,-0.4389501,0.6395954,0.278724,-0.0829878,-0.44542,1.7952363,
1.4935696,-0.1744737,-0.5170326,0.8929813,-0.1655663,0.07813776,-0.2970256,1.8073717,
1.7538944,0.03224618,0.01698664,0.61535734,-0.0967382,-0.2715883,-0.4878459,1.7248856,
1.7478068,-0.1759909,0.44969034,0.63195044,0.68136555,-0.3195387,-0.3763398,1.8558396,
-0.3353062,0.46674624,2.157367,-7.0471845,4.1115923,0.84770095,-0.7400577,3.0930445,
-1.5454229,0.40166283,-1.8769332,-3.291018,0.8916301,0.68908757,0.45917016,4.6509323,
-1.6754845,0.36465898,-0.5242884,-3.9257538,2.73216,0.79455364,0.4954383,5.3616834,
-1.0056032,0.07462835,-0.5203877,-0.8071447,0.94952387,0.52150613,0.33409408,2.9097798,
-0.712362,-0.0158851,-0.2095365,0.73080635,0.37904388,0.5755474,0.5316156,2.594574,
-0.6397389,0.00499179,0.11991274,1.0215497,0.85596585,0.5889396,0.6065114,2.1447663,
-0.0981116,0.12512986,0.3667955,1.2335519,0.19392203,0.2898791,0.6533663,1.592495,
-0.8782013,0.06458159,-1.5076289,0.3996891,1.5848447,0.70058644,0.5809185,3.4954062,
-0.6716263,0.00224417,-0.7063462,0.92841136,0.95229065,0.59846187,0.716206,2.9770935,
-0.5810096,-0.0293726,0.774746,1.2422117,0.7799803,0.7035868,0.7882851,2.3598533,
-1.4005183,0.3650409,-1.9230212,-2.9430578,0.88449377,0.79520833,-0.7175246,4.6535583,
-1.5166774,0.3251487,-0.6180018,-3.5529823,2.5853367,0.9111528,-0.8935078,5.3538766,
-0.9830674,0.05481654,-0.443781,-0.7240308,0.9799451,0.64786637,-1.0508233,2.9808223,
-0.6460176,-0.062242,-0.0645084,0.74803287,0.3964196,0.7056643,-0.8345726,2.7106192,
-0.5639918,-0.041195,0.22907834,0.9675022,0.7507034,0.6830654,-0.9536912,2.3280408,
-0.0521119,0.13189076,0.5225746,1.1991667,0.28455484,0.36592522,-0.7994777,1.7794725,
-0.8558887,0.00939111,-1.5811609,0.38623232,1.4095273,0.7890908,-1.25226,3.4867406,
-0.6454295,-0.047157,-0.6648788,0.91840976,0.8071099,0.71595496,-0.9471852,3.028781,
-0.5336087,-0.0515729,0.6424849,1.1017056,0.75156426,0.7594145,-1.0701095,2.5526605,
1.4772502,-0.3616104,-0.9172757,0.7308535,0.01255926,0.17017895,0.9265294,1.981892,
1.5704054,-0.3519304,-0.3332739,0.84225553,-0.4768534,0.27267724,0.98631835,1.8474933,
1.4148091,-0.2249792,0.62969875,1.0953038,-0.7056055,0.17064312,1.0518366,1.7685174,
-2.654585,-0.1232431,-4.329463,-8.139909,-0.0720988,-2.9143727,1.2273111,-2.9639907,
-3.9641604,-2.0663562,-0.1643066,-8.769191,-5.51411,-1.166065,-0.1956643,-1.3912983,
0.5613567,1.5903461,-1.1595567,-12.079275,0.40601704,-0.5711919,1.4680024,3.7360997,
-0.5420344,0.7260236,2.0546253,-8.580754,0.5756008,1.1230762,1.3299142,3.037917,
-0.9339817,-0.0376649,-2.7695308,0.5440943,2.8789074,-0.8910505,1.9015075,3.8715813,
-1.4256291,-0.0299338,-0.8243327,-0.5352784,3.2108953,-0.9831589,2.0089455,2.1732385,
-1.5630982,-1.2957296,-0.4757347,1.2677907,1.8155813,0.5047774,1.7883797,2.7769866,
1.5555362,0.89694875,-1.370555,0.28630462,2.1601212,0.28162652,1.8831999,0.9468509,
-1.2975231,-0.1424426,-1.994289,0.36665815,2.87995,-0.8384045,2.1169152,2.8370922,
0.5607632,0.08400127,-1.8479844,0.31234676,3.407979,0.06481053,1.9014028,0.8139767,
-1.7271178,-1.6910747,-0.125678,1.1165353,0.8401876,-0.8533835,0.6622342,0.78674996,
1.2632729,0.6325321,-1.0686369,0.57294524,-0.5925914,0.21852508,1.4369681,0.52106154,
-0.7842983,-0.0248091,-1.0225401,1.1439453,0.1273571,-0.4722116,1.5821397,4.1511045,
0.5594783,0.0083228,-1.4158689,1.3649501,1.3294424,-0.0157788,1.6650095,1.1866881,
1.3575225,0.7173689,-0.177252,0.7923431,0.4955617,0.3149822,1.4685221,1.0291698,
-0.9922656,-0.0780454,0.16279726,1.3113436,0.78547186,-0.3938105,1.5890954,3.7411053,
0.712911,-0.0150928,-0.5034778,1.1019905,1.9125011,-0.104971,1.6543638,1.0874546,
-2.5931566,-2.3778694,-0.2360435,0.97553766,-1.1214411,-1.0531775,-0.1697777,-3.454083,
1.3040812,0.784675,-0.0394593,0.5268439,0.33303842,0.36504403,1.6254019,0.8870981,
-0.7927465,0.21641369,-0.0035937,1.0321108,0.56618035,-0.3022187,1.6993312,3.655237,
0.694792,0.2919752,0.26426688,0.7382032,1.8405006,-0.332209,1.7935597,1.7745109,
-4.0388002,-3.3231716,-3.4997838,-6.7551107,-3.7191632,-0.7766429,0.19742945,-4.5027556,
1.4480208,0.6865993,0.16008875,0.80882293,0.3128441,0.37845463,1.5551424,0.75515985,
-0.8851223,-0.0708412,0.39638206,0.8551663,0.1330788,-0.3785108,1.5979403,3.26843,
0.45909315,-0.0372365,0.38563925,1.7450099,1.1792499,-0.1398448,1.7214065,1.9172021,
-2.6067302,-1.829717,-3.1721303,0.3881561,-5.504466,-1.172208,0.18909164,-0.9496377,
1.7440066,0.936858,0.57122767,1.0541878,-0.4230208,0.4189224,1.545988,0.37741455,
-0.9041918,-0.131904,0.52360946,0.8593882,-1.0953408,-0.7683571,1.4980004,3.2650023,
0.37583256,-0.0057749,0.85158575,1.8976326,-0.3815912,-0.5601602,1.7378727,1.7276051,
-2.2458417,-1.8639508,0.31418023,2.5105884,2.5163062,0.12612411,1.5632702,2.0783966,
-0.1777943,0.12276573,0.66011274,1.9542146,1.247302,-1.0183014,1.3142903,1.5478969,
-1.7472178,-1.8057061,1.5380172,-0.4770914,2.7926836,-0.1428376,1.2371616,2.4098155,
-0.4390038,0.1557528,1.589908,2.4100971,1.5679889,-1.2141131,1.1958786,1.1849004,
-1.8172836,-1.4074411,-1.690055,0.84030795,3.840675,0.45702496,2.2539077,0.38276866,
0.10933045,0.27321407,2.439081,1.3998173,0.82139456,1.0070958,1.1401216,1.133602,
-0.3469586,0.3719574,1.137517,0.82178104,2.3465824,-1.0214669,1.3063612,1.4833183,
-3.4856782,-1.8168683,-3.2784777,-0.1483377,-0.8260253,-3.171683,1.4447243,-15.646478,
-3.3889434,-2.2612855,-2.6118429,0.9647619,-3.484122,-2.4435935,1.3595741,-15.935108,
-3.430629,-2.2539868,-0.882296,0.5748573,-3.044866,-2.393473,1.224664,-17.189037,
-3.183612,-1.6898844,1.2292181,0.30539736,-3.0418148,-1.5195253,1.6422564,-12.920133,
-3.1612723,-2.006407,0.56447875,1.2577927,-3.0880408,-1.627331,1.5978832,-12.941537,
-1.1427552,0.01890068,0.76205933,-9.927495,-4.109129,0.6298445,0.98236275,-11.949933,
-3.230367,-1.9674032,0.68245155,1.7466444,-4.664721,-2.125521,1.5504241,-13.849933,
-1.3216913,-0.991187,4.779843,1.5121872,-2.0666895,-0.8138736,1.1503862,-9.258008,
-0.9598135,-0.6914408,6.5626783,4.4277196,-1.3515865,0.3795331,1.1032676,-7.829704,
-1.4417347,-0.9179689,7.0335155,3.0609949,0.23603803,0.74403006,1.4049217,-7.3740396,
-0.7345404,0.0075319,-0.9393477,1.0628844,-0.3109505,-0.5638384,1.4542468,3.986267,
-0.8320326,-0.0221748,0.41449273,0.81978333,-0.7885794,-0.7071762,1.3973931,3.6604733,
-0.7664223,0.2736452,0.01539212,0.7653296,0.11379377,-0.2980599,1.515058,3.2915728,
-0.9349027,0.04393062,-1.8632414,0.30243543,2.0103288,-0.8873186,1.8955939,4.208801,
-0.7719881,-0.0081274,0.17819588,1.0996099,0.06592002,-0.4275465,1.4115729,3.9005215,
-0.8328267,-0.0111538,0.33167055,0.7871927,-0.0212703,-0.4744144,1.420551,3.3764932,
-0.2514522,0.14072719,1.8258432,0.6198716,0.24422592,-0.106627,1.172289,1.8473914,
-1.1427552,0.01890068,0.76205933,-9.927495,-4.109129,0.6298445,0.98236275,-11.949933,
-0.6130898,0.6175323,0.96743286,-9.051009,0.03880925,0.8381354,1.332475,-1.2909272,
-0.4087916,0.7730448,0.1987119,-8.575946,-0.1860232,0.853708,1.239717,1.6041592,
-0.0294182,0.9207489,0.26671922,-7.5984435,0.38755167,1.6927483,1.0828238,5.1799393,
-1.2339889,-0.5623562,-2.1452084,-6.568926,-2.3142111,-2.6003878,-0.9572316,2.7981956,
-0.5399711,-0.4280702,-3.4807534,0.02036172,-2.6486192,-2.56475,-1.214037,1.5378139,
-0.7636596,-0.6375182,-1.6622757,-1.6464443,-5.48177,-3.2277715,-1.4319829,0.593294,
-0.3438298,-0.1920862,-2.114608,-0.251835,-4.009755,-2.3815985,-1.459204,0.91715,
-0.0131978,0.23960234,0.53840435,1.4471159,-2.7304971,-1.1999962,-1.1011218,1.5210077,
0.02005626,0.18843277,1.2346421,1.7782676,-1.167051,-1.4218353,-0.9803185,1.70477,
-1.998433,-0.9219985,-0.4786348,-1.0801625,0.46172836,0.44881576,-0.9403986,-1.5721754,
-2.2309072,-1.2133642,-0.4407474,-0.997455,0.78236455,0.23243354,-0.8559895,-4.7607226,
-2.9507895,-2.0108116,-0.5651472,-0.9341825,0.9318957,-0.0837864,-0.7534711,-9.147539,
-3.8035371,-2.9707353,-0.8303211,-0.9396602,0.7485772,-0.2477115,-0.7814985,-12.623615,
-4.048871,-2.993789,-0.8577378,-0.9326686,-0.4825859,-0.320421,-0.8444785,-12.676284,
-4.0597796,-3.0058289,-0.8154957,-0.9326721,0.1917387,-0.3124701,-0.8391078,-12.335678,
-0.6238905,-0.1729554,-0.296985,-0.3180443,0.15626527,0.1872981,-0.9027665,3.4782817,
-0.5671949,-0.2079042,-0.1863712,-0.3063875,0.92490923,0.15922509,-0.7837789,3.2073717,
-0.6200956,-0.1953727,-0.1497522,-0.2266627,1.2224802,0.10147435,-0.6568397,3.5805218,
-0.6007597,-0.1859885,-0.1386405,-0.22375,1.5675036,0.12844695,-0.6558255,3.632453,
-0.5991629,-0.1744002,-0.2303024,-0.2323032,1.817258,0.20656818,-0.6542635,3.948609,
-0.7855731,-0.0454145,-0.1482315,-0.1824765,0.941441,0.13891023,-0.5092812,4.5293465,
-0.5819101,-0.0377513,-0.3923807,-0.3318495,0.27207333,0.18469666,-0.5222364,3.8553755,
-0.4322313,-0.0693132,-0.1545845,-0.1821413,1.6160258,0.2109868,-0.3912872,4.0914693,
-0.5061038,-0.0513841,-0.1374686,-0.1824814,1.7873082,0.19159448,-0.2992518,4.06279,
-0.7680247,0.0007462,-0.2519768,-0.2135276,0.921117,0.10859182,-0.277973,3.961114,
-0.4376571,-0.016253,-0.2349356,-0.2006067,1.4967618,0.21069278,-0.2846069,3.84878,
0.5484248,2.5520878,-0.1691585,-0.3332664,1.4142339,0.45994598,-0.6403889,-2.4307003,
0.5363146,2.4983566,-0.1909615,-0.3878693,1.2531544,0.48337406,-0.6578367,-2.277507,
0.8200823,3.7186794,-0.1328556,-0.1932043,1.7552834,0.24749273,-0.737087,-3.6555276,
0.6398897,2.8747816,0.00556855,-0.2757958,2.0174236,0.37103263,-0.5946033,-3.2101102,
0.6553653,2.9434972,-0.0282864,-0.2183816,2.2657928,0.3325635,-0.5449242,-3.0338004,
0.6465232,2.888225,0.0081521,-0.2321868,2.2839434,0.34251836,-0.5404644,-3.3660462,
0.9877112,3.762933,-0.062579,-0.111735,2.3756359,0.25606573,-0.6018077,-3.8363414,
1.0409061,3.851652,-0.0577252,-0.0589216,2.086469,0.2754686,-0.580565,-3.9079657,
1.0575321,3.8438318,-0.0661083,-0.1039933,2.3175104,0.2897026,-0.5555552,-4.15929,
1.141916,3.8536317,-0.1048054,-0.116743,1.0722089,0.25482523,-0.5671183,-4.37953,
-0.0798514,0.01315011,-0.1910268,-0.3564354,1.7815169,0.3689124,-0.8792927,1.476404,
-0.0782463,-0.0099606,-0.0904507,-0.3398058,1.5746633,0.3007006,-0.863099,0.9435058,
-0.0014014,-0.0222962,-0.0605494,-0.3411269,1.7190404,0.29777318,-0.8102842,0.9865367,
0.00975145,0.09848672,-0.0607801,-0.299595,1.8267882,0.32059103,-0.784175,1.3996092,
0.04638157,-0.0312546,-0.0630443,-0.3427016,1.9882481,0.31141812,-0.791928,1.2847403,
0.16399802,0.02696235,-0.1013637,-0.3422993,1.5649824,0.3182782,-0.7603648,1.5616136,
0.10498317,0.00649996,-0.0958503,-0.3366128,1.471782,0.28230816,-0.8217617,1.4336354,
-0.126147,-0.4236476,-0.2926282,-0.4595951,0.8411458,0.3006106,-0.712123,1.0031888,
-0.1098277,-0.1749782,-0.1087718,-0.3153591,1.7486213,0.3140982,-0.7706185,1.7247458,
-0.028385,-0.250989,-0.0543431,-0.3368403,1.8371681,0.3101158,-0.6950145,1.5935614,
-0.0134783,-0.2705753,-0.0745842,-0.3274297,1.7659874,0.3167534,-0.5409195,1.4696083,
-0.0016747,-0.3223018,-0.1442926,-0.3562752,2.01244,0.32389802,-0.4462425,0.65697,
0.042554,-0.4287307,-0.2008628,-0.3552099,1.4896882,0.25323164,-0.5029098,0.95608854,
0.03851404,-0.4287307,-0.2054893,-0.3553669,1.3429638,0.2525706,-0.5317512,0.8759077,
0.03769528,-0.4283735,-0.2136878,-0.3532909,1.3354281,0.23912008,-0.5338138,0.9718376,
-0.785666,0.01322027,-0.4254757,-0.455244,1.599215,-1.368174,1.5391897,3.1702073,
-0.4673579,-0.1242793,-0.0862073,-0.0586577,1.0378463,-0.1110147,1.4454937,3.2207747,
-0.3621461,-0.0720305,-0.1022725,-0.1472522,1.106971,0.62340903,1.4209526,3.105219,
-0.4339388,-0.0688344,-0.1561414,-0.0893952,1.0966202,-0.1062643,1.5300725,3.2777786,
-0.9563386,0.00114901,-0.44762,-0.5060956,0.6588892,-1.4061475,1.5466927,3.9422364,
-0.6646391,-0.1362736,-0.1156333,-0.1214745,0.08732922,-0.1155231,1.564367,3.926985,
-0.5741484,-0.0740392,-0.1525766,-0.2038827,0.2173011,0.5651441,1.4874587,3.7621148,
-0.6239345,-0.0653459,-0.190817,-0.1459529,0.3187716,-0.0527081,1.5982273,3.9417372,
3.321706,0.21511412,0.09050994,-0.3439012,1.3255494,-1.0288635,0.6220348,0.27611417,
3.0455148,0.47790706,0.38047522,-0.0510069,0.57961273,-0.1036486,0.6550205,0.25288278,
3.1059732,0.38845107,0.34582,-0.0901859,0.6007528,0.5149211,0.52366734,0.28929925,
3.5648997,0.37237537,0.33518472,-0.0245431,0.6011284,0.10871172,0.575422,0.34584022,
3.0948439,0.29485834,-0.0368613,-0.5021694,1.1367744,-0.6317353,0.6337566,1.7788681,
2.673954,0.15619615,0.2626537,-0.1073282,0.41928077,-0.0656783,0.66239196,1.6715404,
2.6585546,0.08088733,0.23109928,-0.1606276,0.42693892,0.36120856,0.5294453,1.5582727,
3.109186,0.09261938,0.22633724,-0.1132497,0.43936262,0.01006333,0.5916916,1.6449102,
-1.1156423,-0.3731008,-0.4486062,-0.6832619,0.6832938,-1.2740483,-0.3146726,3.7678103,
-0.8416518,-0.5105239,-0.1140924,-0.2855369,0.01066467,-0.0713969,-0.2814634,3.7391284,
-0.7522339,-0.4482893,-0.1554424,-0.3722715,0.08644494,0.53342515,-0.3797672,3.5750225,
-0.8240988,-0.4460346,-0.2131756,-0.3201023,0.05873743,-0.2833151,-0.3270533,3.7429192,
3.0524173,0.33311155,-0.075753,-0.5504081,1.1740133,-0.4411795,0.455978,1.9040068,
2.519999,0.16337378,0.24920331,-0.1948445,0.53119236,-0.0748845,0.48010397,1.6719471,
2.5223181,0.10278157,0.19236097,-0.2144224,0.5460877,0.31585443,0.38445127,1.4922771,
2.9737458,0.09811735,0.18617122,-0.1386793,0.553912,0.01662103,0.4498912,1.6396223,
3.1416762,0.41218427,-0.0545269,-0.5168116,1.206734,-0.6760936,0.6207196,1.8258487,
2.6352334,0.2555047,0.26043695,-0.1653331,0.5119445,-0.0681846,0.65015143,1.805427,
2.623146,0.17803949,0.21300083,-0.1780811,0.5202511,0.365553,0.52635664,1.6930645,
3.0986347,0.17892379,0.20553671,-0.1063892,0.53576416,0.05853995,0.5922016,1.808233,
4.4476223,2.6695907,-0.2750556,-0.3531825,1.8276265,-1.2364789,0.44161513,-4.198719,
4.3177547,2.7040293,0.11844757,-0.0775693,1.3137772,-0.4580579,0.4155524,-4.3687463,
4.245549,2.4317482,0.10168061,-0.2106737,1.3424057,0.64734185,0.36434633,-3.845499,
4.729356,2.394774,0.08177873,-0.1214656,1.3430976,0.0980138,0.40665376,-3.9320767,
4.788586,1.9036083,-0.2989864,-0.4069415,1.909908,-1.1740893,0.40534598,-3.5201786,
4.6750145,1.8494745,0.0897717,-0.1215962,1.3777641,-0.4596383,0.38021582,-3.4791121,
4.5734253,1.569329,0.07207805,-0.2716945,1.4050429,0.58846444,0.3319422,-2.9711645,
5.0504518,1.5689954,0.05230045,-0.204983,1.40557,0.07173967,0.37424964,-3.0501063,
-2.310173,-0.905045,-0.8559879,-1.3950062,-0.0677171,-0.980344,0.05919099,-2.9222949,
-2.1627975,-1.0384394,-0.5675629,-1.0148631,-0.6535974,-0.0359954,0.07639537,-3.2092774,
-2.1140914,-1.0826863,-0.5958552,-1.1344553,-0.6234369,0.5224266,-0.0134738,-3.4197826,
-2.210658,-1.0809625,-0.6698396,-1.0934752,-0.6852372,-0.847368,0.01802221,-3.8049393,
3.4957528,0.89580595,-0.2310843,-0.8248395,0.8696742,-0.6478041,0.3010753,-1.6501613,
3.2331593,0.7147655,0.04777359,-0.476686,0.3016225,-0.1553462,0.3160171,-1.7560577,
3.310561,0.7646698,0.01101672,-0.5449095,0.3038601,0.5204662,0.2255543,-1.6506548,
3.7890518,0.75602126,-0.0113136,-0.4636656,0.27774003,-0.2835098,0.28048748,-2.0080528,
3.6760056,1.0115858,-0.1589467,-0.8165112,0.89303356,-0.7879611,0.41070533,-0.3337743,
3.4349806,0.8697635,0.12540075,-0.4658088,0.32780796,-0.1362387,0.43581787,-0.3103822,
3.4984944,0.91244775,0.09055811,-0.5239095,0.3265861,0.5502147,0.34099573,-0.1700293,
4.0010467,0.9041351,0.0677999,-0.4457137,0.30323133,-0.1968582,0.40073425,-0.4949211,
3.0820298,0.26396585,-0.1007613,-0.5663324,1.1864816,-0.6762857,0.5979669,1.2427032,
2.6152203,0.13195167,0.20340449,-0.168963,0.4707645,-0.0806955,0.62228274,1.1649083,
2.596511,0.05304467,0.1595638,-0.202321,0.47118306,0.38473478,0.4886359,1.0901834,
3.0471423,0.06477677,0.15690403,-0.1460769,0.48347566,0.05387594,0.55088234,1.1971077,
-1.1169469,-0.3246088,-0.6222395,-0.7508838,0.46468288,-1.4244577,-0.627273,1.5619364,
-0.8356784,-0.4621083,-0.2809244,-0.3543895,-0.1877221,-0.1210593,-0.5823444,1.6340014,
-0.7437726,-0.3998739,-0.3032791,-0.4395175,-0.1072153,0.61051714,-0.6791694,1.5966488,
-0.8156375,-0.3976195,-0.367176,-0.3882109,-0.1349227,-0.2014959,-0.6264556,1.7692734,
3.0980234,0.34911454,-0.1144427,-0.5760847,1.1398331,-0.433914,0.3213469,1.3702558,
2.5769105,0.1904909,0.21074635,-0.2272807,0.5043996,-0.0343872,0.35264492,1.141452,
2.5648232,0.11961548,0.15620916,-0.23771,0.51783377,0.30208665,0.25218698,0.931825,
3.0403118,0.11528698,0.14959168,-0.1624095,0.5287811,0.03890488,0.32243177,1.0908248,
2.596511,0.05304467,0.1595638,-0.202321,0.47118306,0.38473478,0.4886359,1.0901834,
2.596511,0.05304467,0.1595638,-0.202321,0.47118306,0.38473478,0.4886359,1.0901834,
2.596511,0.05304467,0.1595638,-0.202321,0.47118306,0.38473478,0.4886359,1.0901834,
2.596511,0.05304467,0.1595638,-0.202321,0.47118306,0.38473478,0.4886359,1.0901834,
2.5648232,0.11961548,0.15620916,-0.23771,0.51783377,0.30208665,0.25218698,0.931825,
2.5648232,0.11961548,0.15620916,-0.23771,0.51783377,0.30208665,0.25218698,0.931825,
2.5648232,0.11961548,0.15620916,-0.23771,0.51783377,0.30208665,0.25218698,0.931825,
2.5648232,0.11961548,0.15620916,-0.23771,0.51783377,0.30208665,0.25218698,0.931825,
2.5648232,0.11961548,0.15620916,-0.23771,0.51783377,0.30208665,0.25218698,0.931825,
2.5648232,0.11961548,0.15620916,-0.23771,0.51783377,0.30208665,0.25218698,0.931825,
3.0396094,0.24731761,-0.0595113,0.7809558,0.3171748,0.88591677,-0.5157679,1.3984851,
2.8478382,0.21693973,0.03893607,0.8027268,0.99931943,0.7188228,-0.4124709,1.2505869,
2.850377,0.2878232,0.0482865,0.80606824,1.1433911,0.6491581,-0.3366364,1.2244585,
2.902447,0.28837067,-0.0133599,0.8070158,1.1232349,0.656601,-0.3263605,1.2393651,
3.0569777,0.29959643,-0.0029999,0.79499835,1.0436808,0.1644971,-0.3731206,1.434329,
3.113738,0.3192538,0.00192252,0.7714621,1.1924703,-0.1496449,-0.3326613,1.3593366,
3.113738,0.3192538,0.00192252,0.7714621,1.1924703,-0.1496449,-0.3326613,1.3593366,
3.1065266,0.3192538,0.00192252,0.77108586,1.2684032,-0.1774327,-0.3326613,1.3518983,
3.1070766,0.3125022,-0.0035375,0.7667407,1.2114167,-0.1755985,-0.3095586,1.4566146,
3.3934243,0.3124227,-0.0339071,0.75537854,0.89187783,-0.1532749,-0.2925143,1.4380376,
-0.4707141,-0.3109886,-0.3128611,0.5996382,-0.5274155,-0.4946078,-0.7925154,2.489381,
-0.3249837,-0.2987092,-0.1697152,0.5439607,0.5472099,-0.1521377,-0.656564,2.615771,
-0.3168004,-0.2671991,-0.0928691,0.62990135,1.046654,0.21506353,-0.4723556,2.7398744,
-0.335856,-0.2479349,-0.0938896,0.65289414,1.0704421,0.58293194,-0.4483333,2.8661208,
-0.3299993,-0.2522502,-0.0708718,0.6780542,0.9956349,0.81833166,-0.4102483,3.1100442,
-0.3228084,-0.2504766,-0.0707669,0.67382777,1.1783187,0.83125335,-0.4057233,3.1055622,
-0.3124915,-0.2471699,-0.0673528,0.65004194,1.2843127,0.82049805,-0.4301917,3.1206594,
-0.3064436,-0.2471699,-0.0673528,0.65104055,1.3859336,0.8251274,-0.4301917,3.1285357,
-0.3074523,-0.2387304,-0.0722354,0.64718103,1.3526626,0.82696164,-0.4070889,3.2466311,
-0.3008549,-0.2367792,-0.0722551,0.6485909,1.4481112,0.8283905,-0.3939276,3.258904,
-7.121216,-0.0565411,-0.6632003,0.63214564,4.1645045,-2.251779,-1.6025635,-1.2725846,
-7.121216,-0.0565411,-0.6632003,0.63214564,4.1645045,-2.251779,-1.6025635,-1.2725846,
-7.121216,-0.0565411,-0.6632003,0.63214564,4.1645045,-2.251779,-1.6025635,-1.2725846,
-7.121216,-0.0565411,-0.6632003,0.63214564,4.1645045,-2.251779,-1.6025635,-1.2725846,
-15.558865,-0.7186178,-1.0662249,0.20597482,-9.058518,-2.4398978,-1.7787174,-2.9908717,
-15.558865,-0.7186178,-1.0662249,0.20597482,-9.058518,-2.4398978,-1.7787174,-2.9908717,
-15.558865,-0.7186178,-1.0662249,0.20597482,-9.058518,-2.4398978,-1.7787174,-2.9908717,
-15.558865,-0.7186178,-1.0662249,0.20597482,-9.058518,-2.4398978,-1.7787174,-2.9908717,
-16.246822,-1.536942,-1.2686087,0.14931507,-5.3693895,-1.8654901,-1.1837369,-11.029127,
-16.246822,-1.536942,-1.2686087,0.14931507,-5.3693895,-1.8654901,-1.1837369,-11.029127,
-16.246822,-1.536942,-1.2686087,0.14931507,-5.3693895,-1.8654901,-1.1837369,-11.029127,
-16.246822,-1.536942,-1.2686087,0.14931507,-5.3693895,-1.8654901,-1.1837369,-11.029127,
3.0430312,0.746764,0.95782346,2.40771,-1.3186532,0.16817077,-1.0244999,-0.0593565,
3.0516198,0.67461073,0.8528337,1.8806758,0.04968607,0.21512555,-0.776512,0.10773873,
3.2113256,0.69877815,0.8064546,1.8220627,0.24775916,0.51294225,-0.6609754,-0.3171173,
4.602453,0.77983326,1.302413,2.1340387,-0.2702647,0.8146837,-1.2050351,-3.408392,
4.579211,0.72461015,1.2105247,1.7530923,0.80201924,0.83289427,-0.9924402,-3.2752843,
4.5652094,0.7273963,1.1961008,1.7529125,0.9527426,0.8460565,-0.9841818,-3.2427382,
4.536229,0.7271231,1.2238938,1.7442456,1.1961083,0.8478113,-0.9613556,-3.256099,
4.53639,0.7271231,1.2238938,1.7432868,1.2259003,0.8476415,-0.9613556,-3.26176,
4.471545,0.71399957,1.1218286,1.752502,1.401465,0.8302589,-0.9282033,-3.376642,
4.5539203,0.7204974,1.113299,1.7536844,1.5596783,0.8441101,-0.9101478,-3.4761226,
4.8793063,0.6793454,1.1454879,1.7417364,1.0034373,0.8523825,-0.9249418,-3.898423,
4.060133,0.41424274,1.1587827,1.9836215,-0.134789,1.0123717,-1.2635325,-2.4439254,
4.0609894,0.45693013,1.063308,1.6740857,0.9791617,1.0190634,-1.0032483,-2.4037814,
4.046989,0.4330136,1.0629787,1.673906,1.1687363,1.0322254,-0.9949902,-2.3056808,
3.967109,0.43354726,1.0959045,1.6607972,1.3703502,1.0349025,-0.9518108,-2.2964368,
3.964482,0.43354726,1.0959045,1.6598384,1.389313,1.0347328,-0.9518108,-2.3129275,
3.901737,0.43560866,0.997359,1.6688527,1.563514,1.0098299,-0.9012417,-2.4432154,
3.9841118,0.4423375,0.98895425,1.6724604,1.7127209,1.0236809,-0.8790705,-2.55625,
4.282502,0.43904698,1.0148054,1.6789215,1.2305782,1.0436778,-0.8885393,-2.9253764,
4.0736475,1.7197847,0.6673081,1.4316788,1.1597946,0.62664485,-0.8949309,-2.5421822,
4.0132065,1.6910571,0.6860772,1.4221649,1.3432446,0.6283996,-0.8790574,-2.5104828,
4.011939,1.6910571,0.6860772,1.4220111,1.3716079,0.62822986,-0.8790574,-2.515339,
3.9503598,1.6847897,0.58412963,1.4247649,1.5572988,0.61005557,-0.8459051,-2.631754,
4.0327353,1.6889055,0.5753141,1.4226758,1.71313,0.6236631,-0.8300395,-2.7075467,
4.304183,1.705101,0.6076144,1.410073,1.1589174,0.63205934,-0.8175584,-3.097566,
3.558239,-0.044475,0.5748216,1.1963,-1.9159949,0.9918738,1.5338905,-0.1663478,
-8.825103,-0.2020497,-1.341111,-4.932839,-5.2857413,0.21265627,0.7386748,-1.9991618,
-7.642461,-0.2945007,-2.1624436,-5.8575597,-3.194106,0.1741309,0.68945974,-2.4521265,
-6.0627255,-0.0007345,-1.6074418,-2.4451118,-2.939065,-0.1827002,0.52218163,-1.950425,
-4.7760706,0.46232325,-2.6376367,-0.1198333,1.5914661,-0.1289453,0.7325876,-0.6616318,
-4.78968,0.37875783,-0.5397867,0.8656954,4.1881866,0.04157915,1.204311,-0.3699758,
-3.9512134,0.24725735,-1.392331,0.23982495,-1.1998965,-0.070229,0.75822574,-0.6640342,
-4.869132,0.48599952,1.25244,2.7826226,4.591124,0.19227406,1.7434295,1.0415336,
-4.066758,0.21349646,0.28978765,-6.346506,-0.5746954,-0.0668755,0.69736046,-0.9775953,
-4.8135757,0.52677876,0.36769876,0.5224245,4.4336553,0.08097534,1.2893653,0.21675543,
-6.2149825,-0.0222066,-2.5075638,-5.845555,-3.927786,0.16892253,0.70376724,-2.0345607,
-4.9473386,0.03171052,-2.8171887,-0.4422331,-1.3256526,-0.0496552,0.73753214,-1.785019,
-5.085289,0.30841982,-0.642152,0.9113213,3.4182236,-0.0186256,0.7613316,-1.0666999,
5.0140533,1.1137694,-3.0672576,-3.6636038,-2.0180004,-0.2645057,0.5843768,0.8718628,
4.9696636,1.1210749,-1.4182804,-5.074631,-3.0222285,-0.2982881,0.6117149,-0.0190953,
3.1122458,1.1413918,-0.540022,-1.1394101,-5.775896,-0.8557697,0.02773006,0.31322947,
2.2322407,1.0446436,-2.0751705,-0.4974847,-2.7442815,-0.8764746,-0.1043152,-0.3116377,
1.7550441,0.880355,-0.1111742,0.7906316,-0.6492255,-0.7332986,0.6139111,-0.091812,
2.95893,1.2197689,-3.1344075,0.38018778,-4.225583,-0.8044356,0.35826063,-1.3520027,
1.5348688,0.8419068,1.1164776,1.5959036,0.4700401,-0.4546009,1.2069111,-0.1985148,
3.7972775,0.9483424,0.05133507,-5.359447,-4.0973573,-0.7181312,-0.014728,-0.8227741,
1.6440938,0.9223763,0.30148008,0.3596162,0.3273033,-0.5517793,0.7258871,-0.0289986,
4.3937902,0.96240246,-5.0556903,-5.2047706,-3.5967925,-0.4579387,0.35658938,-2.391032,
2.7211082,1.066846,-4.985999,-0.034489,-3.3039148,-0.7721431,0.44700414,-0.7135511,
2.6613739,1.2714368,0.64722425,1.1737844,-0.5269661,-0.6556384,0.17370936,1.5679767,
-2.6078124,-2.1323242,-2.4855452,-0.0104964,-3.5886314,-1.1525744,-0.3408598,-2.665695,
-3.5588315,-2.6607766,-1.4776422,-2.3928146,-7.6373544,-1.3133711,-0.3752572,-4.1601353,
-1.3242897,-1.0647002,-1.023592,1.2236222,0.8715078,0.38943827,1.609043,1.9626634,
-3.269165,-3.038217,-5.253842,-0.913435,-4.8977423,-1.1848271,0.07183183,-4.7893643,
-4.0957966,-2.4838226,-4.7332273,-7.8858356,-4.7610316,-0.811155,0.14549533,-3.040155,
-1.6361965,-1.0277737,-0.0448976,1.5995787,1.5559002,0.53152436,1.6840622,2.612477,
-1.6882217,-1.0421761,-0.3732491,1.5616397,2.1866837,0.48016927,1.7908393,1.3399031,
-2.0830297,-1.5190952,-0.3252701,1.5740957,-0.4095081,-0.9745863,0.4102886,-1.1984553,
-1.5735968,-0.9659959,0.6404182,1.8583935,0.32774508,0.53988427,1.6533706,2.3080983,
-1.7290368,-1.2555892,1.211345,2.592035,1.1523781,-0.7216635,1.1599029,0.8258829,
-4.0911374,-3.0175738,-2.0044646,-8.068045,-4.2119513,-0.7793319,0.18960983,-4.5559106,
-2.1571033,-1.993814,1.7448013,2.6483595,2.6745782,-0.1345843,1.4563065,1.7418725,
4.7216864,-0.2603766,-2.6619458,-4.2149806,-2.1281364,-0.4446038,0.45857015,-0.2112266,
4.530374,-0.3685455,-1.0111833,-5.639032,-3.5323136,-0.4820073,0.41334185,-0.8955444,
3.189293,-0.4630796,-0.8077281,-1.9112375,-6.3380995,-1.002071,0.11911909,-1.6049066,
2.4345424,-0.7463774,-2.4014401,-0.6620843,-3.5990345,-0.9817317,0.03672881,-1.8660402,
2.0541563,-0.5798026,-0.5698305,0.84885585,-1.5210533,-0.817241,0.41300568,-1.9038528,
2.7057137,-0.161156,-2.5911658,-0.4158157,-4.7101784,-0.9027634,0.25188258,-1.8028882,
1.6544288,-0.2066215,1.3421725,2.7600572,0.14281702,-0.5694423,1.0794278,0.38247725,
3.43227,-0.7016341,0.09807912,-6.5866246,-4.8658113,-0.8768619,0.08819744,-2.039444,
1.9614245,-0.9759778,0.02518508,0.58238405,-0.2048913,-0.704044,0.65632397,-0.3414847,
3.9446974,-0.6587215,-3.9956205,-5.716282,-4.1189175,-0.5218588,0.3314598,-2.437051,
2.6565304,-0.6202457,-4.4075594,-0.7834221,-3.9910648,-0.8491467,0.3092678,-1.461762,
2.715335,-0.3458923,0.1326153,0.71226126,-1.1155682,-0.8520906,0.2623575,-0.2384437,
-3.1846545,-0.3161154,-4.4573383,-6.92799,-3.2665346,-0.9071575,0.12793638,-4.4603705,
-3.3097265,-0.3267001,-3.0086946,-8.016042,-3.610832,-0.9268833,0.17220606,-3.7194912,
-2.4269207,-0.3582864,-1.3933342,-1.5895462,-7.0459385,-1.418049,-0.2666709,-0.3998668,
-1.8292106,-0.3113983,-2.4435663,-0.5871748,-3.0624251,-1.2417631,-0.2477077,0.12075142,
-1.3218459,-0.2225381,-0.0921779,1.1199584,-0.3713706,-1.0475912,0.6220297,1.9008642,
-1.8851719,-0.2969685,-2.7327812,-0.1068721,-5.272503,-1.2619225,0.07134377,1.9191351,
-0.856413,-0.0897775,1.2937847,1.7185479,0.9368292,-0.7441009,1.174413,2.115952,
-2.3906658,0.08311324,0.28008735,-6.653119,-4.470768,-1.200954,-0.2004013,2.5440483,
-0.9867892,0.19141556,0.19635656,0.60236675,0.7852521,-0.839371,0.67504233,2.1663644,
-2.7735076,-0.0611507,-4.252083,-6.8522844,-4.0944757,-0.9607421,0.13470799,0.7938866,
-1.9683378,-0.1402556,-4.7283015,-0.1286289,-3.9039078,-1.2418604,0.14145097,-0.9194709,
-1.9756451,-0.3541577,-0.2418586,0.7945487,-0.8535455,-1.1464977,-0.1048219,0.1825193,
2.2786434,-0.975333,-0.1218164,-3.8164477,-0.6829113,-0.1389853,0.7483615,2.4097993,
1.7481495,-0.5978495,0.27166113,-0.7116801,-1.113621,0.04453799,0.80218107,1.0372988,
1.2903976,-0.5518267,-2.108568,-0.4612637,-2.035235,-0.2516385,0.54820114,0.8843119,
1.231633,-0.2896843,-0.2950931,0.77398205,-1.8164961,-0.1867512,0.8180137,0.9516,
1.2188773,-0.6125435,-1.387882,0.28252062,-0.2587438,0.01726753,1.1673262,1.9848554,
1.3953683,-0.2936441,-0.3552325,0.8181189,-1.3142651,-0.0021012,0.8408716,1.7424691,
1.4528666,-0.3057208,-1.0106089,0.8739219,-0.2440936,-0.138638,0.9853313,1.9594978,
1.3474786,-0.1503813,0.6151414,1.2907385,-0.9065341,-0.0481983,1.1151661,1.7462012,
1.4433286,-0.441803,-0.0713621,0.90917236,-0.5675989,-0.1610092,1.3416468,1.5537325,
1.3730267,-0.3095556,0.7365532,1.4336492,-0.5406503,-0.1201038,1.4730487,1.2722818,
-1.107244,-0.7181196,1.2738485,2.432046,-0.4950319,0.55989814,-1.0082539,-0.3133761,
3.4880688,0.5112862,0.72147906,1.5616894,1.3197179,1.07642,-0.8630795,-2.5319326,
2.8846793,0.8952192,0.7011927,1.7404099,0.11829534,0.7637042,-0.8977915,-0.1866293,
2.6382704,0.6407458,1.032042,1.6326102,-0.2302373,0.74741745,-1.0369558,-1.0035791,
3.9005194,1.7349517,0.6650839,1.4654274,1.1433455,1.0273261,-0.8975819,-2.4577093,
-0.6493461,-0.123497,0.5563254,1.2444528,-0.1767059,-0.4661503,-1.6378177,2.4142382,
-0.5529499,-0.0786666,0.6595637,1.2802901,-0.246824,-0.1700342,-1.5051904,2.3522236,
-0.6069522,-0.0829834,0.7308037,1.2655879,-0.1912721,0.73453164,-1.3734492,2.2658243,
-0.724629,-0.1517412,0.4656795,1.2654464,-0.0836687,-0.4024476,-1.5603061,2.4977307,
-0.6488086,-0.1069109,0.5685607,1.3012755,-0.1522264,-0.1772142,-1.4985615,2.4357164,
-0.7017584,-0.1115173,0.637858,1.2869097,-0.115671,0.69109344,-1.4030793,2.3476186,
-0.6732863,-0.101704,0.7034046,1.3292441,0.23341018,-0.2682129,0.2949964,2.2471776,
-0.5681791,-0.0569639,0.8035485,1.3818612,0.14715189,-0.0666546,0.333066,2.1610768,
-0.6220012,-0.0667013,0.86855,1.3669878,0.17811812,0.76683474,0.39372995,2.0794199,
-0.7031954,-0.0843787,0.70713586,1.397417,0.41874802,-0.2183615,0.8905234,2.1989746,
-0.5983123,-0.0396386,0.811611,1.4500694,0.31878757,-0.0628264,0.88256997,2.1069279,
-0.6519103,-0.0469221,0.87583107,1.4264382,0.32293445,0.7405782,0.91314876,2.0492837,
-0.6781584,-0.0516902,0.75875473,1.4351304,0.45948666,-0.2129778,1.1951421,2.2217922,
-0.5794703,-0.0064186,0.86257195,1.490349,0.3613723,-0.0509605,1.1936703,2.1279423,
-0.6331949,-0.0137021,0.92590857,1.4669349,0.3656298,0.75750816,1.2293137,2.0820773,
-0.6724817,-0.05486,0.78708214,1.4860009,0.57497114,-0.1775493,1.1927714,2.188045,
-0.5737936,-0.0095885,0.89089936,1.5375054,0.47685617,-0.013675,1.1931567,2.0941951,
-0.6275182,-0.0168719,0.9501664,1.5140913,0.4811138,0.73639965,1.170406,2.0345688,
-0.7356687,-0.1624189,0.35730293,1.1943077,-0.9902203,-0.4281461,-1.6221218,2.3842893,
-0.7533532,-0.1595519,0.4011682,1.1957387,-0.9966919,-0.2061588,-1.5437952,2.3530393,
-0.6595675,-0.1175886,0.46059814,1.2385172,-1.0136495,-0.1577843,-1.5546821,2.3222744,
-0.6764288,-0.1099974,0.4254161,1.2316537,-1.0487701,0.39501825,-1.4519963,2.2087016,
-0.7125173,-0.1221951,0.5286575,1.2234592,-1.0293837,0.65823376,-1.4601855,2.244812,
-0.7356416,-0.1590099,0.43627602,1.2079756,-0.5803312,-0.4238739,-1.553007,2.4407763,
-0.7533261,-0.1561429,0.48014122,1.2094066,-0.5868029,-0.2018868,-1.4746804,2.4095263,
-0.6595404,-0.1141795,0.5395708,1.252185,-0.6037603,-0.1535123,-1.4855673,2.3787615,
-0.6764017,-0.1065884,0.50438875,1.2453215,-0.6388808,0.39929023,-1.3828815,2.2651887,
-0.7124901,-0.118786,0.60763043,1.2371271,-0.6194943,0.6625056,-1.3910707,2.301299,
-0.724629,-0.1517412,0.4656795,1.2654464,-0.0836687,-0.4024476,-1.5603061,2.4977307,
-0.7423136,-0.1488742,0.5095444,1.2631427,-0.113568,-0.2038877,-1.4819795,2.466481,
-0.6488086,-0.1069109,0.5685607,1.3012755,-0.1522264,-0.1772142,-1.4985615,2.4357164,
-0.66567,-0.0993197,0.53461605,1.2951044,-0.1490978,0.41383758,-1.39489,2.3112392,
-0.7017584,-0.1115173,0.637858,1.2869097,-0.115671,0.69109344,-1.4030793,2.3476186,
-0.4755994,-0.3160608,0.82307035,1.4572428,-0.6786407,-0.3249263,-0.9584225,3.037201,
-0.4935023,-0.309034,0.85373765,1.4500574,-0.7891247,-0.2069513,-0.8794705,3.013349,
-0.3867817,-0.2613744,0.88696295,1.4893907,-0.8376374,-0.190132,-0.924332,2.9905372,
-0.400696,-0.2471628,0.8555255,1.4759514,-0.7716503,0.4637785,-0.8507529,2.8697844,
-0.4416378,-0.2541131,0.9438075,1.4671507,-0.7558174,0.72344065,-0.865095,2.9221315,
-0.718385,-0.0981469,0.5874688,1.3192112,-0.4862206,-0.2261935,0.83029103,2.1051283,
-0.7358893,-0.0956674,0.6428669,1.323935,-0.5077638,-0.0988416,0.8139823,2.0524318,
-0.6132214,-0.0534068,0.6923575,1.3763149,-0.5481818,-0.0326585,0.82090443,2.0130818,
-0.6319684,-0.0484926,0.65189844,1.3603462,-0.6065899,0.43306682,0.8365126,1.9217087,
-0.6668193,-0.0606903,0.75534004,1.3519919,-0.5963244,0.7184565,0.8504974,1.9660733,
-0.7151436,-0.0947378,0.65363175,1.332661,-0.1443226,-0.2234171,0.8314143,2.148918,
-0.7326479,-0.0922583,0.70902973,1.3373848,-0.1658655,-0.0960652,0.81510556,2.0962214,
-0.6099799,-0.0499977,0.7585203,1.3897645,-0.2062832,-0.0298821,0.8220277,2.0568714,
-0.628727,-0.0450836,0.71806127,1.3737959,-0.2646914,0.4358432,0.8376359,1.9654981,
-0.6635779,-0.0572812,0.82150286,1.3654416,-0.2544259,0.7212328,0.8516207,2.0098627,
-0.7031954,-0.0843787,0.70713586,1.397417,0.41874802,-0.2183615,0.8905234,2.1989746,
-0.7206996,-0.0818992,0.76253396,1.398406,0.37377775,-0.1144371,0.87421465,2.146278,
-0.5983123,-0.0396386,0.811611,1.4500694,0.31878757,-0.0628264,0.88256997,2.1069279,
-0.6170594,-0.0347245,0.77238935,1.4347925,0.2986287,0.44114816,0.899164,2.0046494,
-0.6519103,-0.0469221,0.87583107,1.4264382,0.32293445,0.7405782,0.91314876,2.0492837,
-0.4785122,-0.2548958,0.9529371,1.5336721,-0.9313365,-0.1941072,0.73729515,2.7949688,
-0.7206996,-0.0818992,0.76253396,1.398406,0.37377775,-0.1144371,0.87421465,2.146278,
-0.5983123,-0.0396386,0.811611,1.4500694,0.31878757,-0.0628264,0.88256997,2.1069279,
-0.6170594,-0.0347245,0.77238935,1.4347925,0.2986287,0.44114816,0.899164,2.0046494,
-0.6519103,-0.0469221,0.87583107,1.4264382,0.32293445,0.7405782,0.91314876,2.0492837,
-1.8276534,-0.8774082,0.590836,2.1727383,1.025626,-0.7778023,-2.0831883,-5.319369,
-1.1404818,-0.3626505,0.6789562,1.7444866,0.18522596,-0.5074723,-1.9180133,-0.1455532,
-0.7027825,-0.0736067,0.5177356,1.2671502,-0.0120864,-0.3662525,-1.3372252,3.05964,
-1.8956313,-0.9149053,0.64012605,2.1715257,0.9868674,-0.5515943,-2.046876,-5.3229713,
-1.1600434,-0.3635234,0.72898096,1.7467396,0.10961565,-0.2760839,-1.8640567,-0.1439747,
-0.720467,-0.0707397,0.5627843,1.2646627,-0.044268,-0.1835679,-1.2588985,3.0125144,
-1.8408526,-0.7309465,0.66701186,2.269076,0.9354128,-0.2001578,-2.1048307,-5.0289793,
-1.089883,-0.3123,0.7757919,1.8072673,0.0768006,-0.3203377,-1.8813099,-0.2456678,
-0.6244742,-0.0287763,0.6192305,1.3022372,-0.0797168,-0.2168603,-1.2876816,2.9217827,
-1.857012,-0.7051739,0.70709366,2.2940836,0.9333693,0.7682108,-1.9823313,-4.7761397,
-1.1053078,-0.2976805,0.7501905,1.8103272,0.08673812,0.5016008,-1.7357845,-0.1392583,
-0.6413354,-0.0296408,0.58549005,1.2965328,-0.0779245,0.37297624,-1.1840099,2.7960896,
-1.8731365,-0.8338401,0.8379113,2.2942724,1.0083408,0.9505897,-1.9630588,-4.834633,
-1.139879,-0.2901669,0.8593527,1.8151807,0.13564898,0.8754983,-1.7398676,-0.0062363,
-0.6774239,-0.0418384,0.68873185,1.2912942,-0.0458477,0.61941564,-1.1921993,2.8016534,
-1.7276678,-0.6983282,1.0044011,2.4454246,1.7156516,-0.6260375,1.8077157,-4.1780486,
-1.0541722,-0.2579233,0.99962056,1.9030378,0.8078868,-0.3092932,0.9989299,0.02180563,
-0.6889979,-0.0207993,0.7571513,1.3995576,0.48367792,-0.190925,0.88961,2.5368881,
-1.790865,-0.7328612,1.073981,2.4486196,1.6694252,-0.4229738,1.8208839,-4.131606,
-1.0735533,-0.2558321,1.0699334,1.9094887,0.71720564,-0.1298955,1.0008962,0.04458294,
-0.7065022,-0.0183198,0.81373316,1.4003627,0.4364255,-0.1028755,0.87330127,2.4683154,
-1.707728,-0.5431345,1.0909272,2.559985,1.6099882,0.01661297,1.8510786,-3.7829838,
-0.9745095,-0.2043113,1.106805,1.9835465,0.66805893,-0.1481791,1.0096129,-0.0646624,
-0.581627,0.02394083,0.8602397,1.4517155,0.3846449,-0.0975508,0.88313544,2.3826797,
-1.725773,-0.5266196,1.1221102,2.5749965,1.588509,0.8491312,1.8377279,-3.5567162,
-0.9918202,-0.1989495,1.0747211,1.9766111,0.6547089,0.54588467,1.0272633,0.02314904,
-0.600374,0.02039939,0.8212221,1.4369053,0.36314964,0.40520823,0.89972955,2.2791858,
-1.7406602,-0.6552859,1.2403604,2.574937,1.6543595,1.019135,1.8446257,-3.6415062,
-1.0251544,-0.191436,1.1839756,1.9812151,0.69449836,0.9355502,1.0389483,0.1580199,
-0.635225,0.0082018,0.92466384,1.431507,0.38610533,0.6738218,0.9137143,2.2930036,
-0.5681791,-0.0569639,0.8035485,1.3818612,0.14715189,-0.0666546,0.333066,2.1610768,
-0.5737936,-0.0095885,0.89089936,1.5375054,0.47685617,-0.013675,1.1931567,2.0941951,
-0.6488086,-0.1069109,0.5685607,1.3012755,-0.1522264,-0.1772142,-1.4985615,2.4357164,
-0.5681791,-0.0569639,0.8035485,1.3818612,0.14715189,-0.0666546,0.333066,2.1610768,
-0.5983123,-0.0396386,0.811611,1.4500694,0.31878757,-0.0628264,0.88256997,2.1069279,
-0.5737936,-0.0095885,0.89089936,1.5375054,0.47685617,-0.013675,1.1931567,2.0941951,
-0.6395894,-0.0789233,0.5330412,1.2854112,-0.2635737,-0.2117384,-1.8684193,2.3710995,
-0.6465783,-0.0833958,0.6171841,1.3068432,-0.1372906,-0.1696174,-1.1597819,2.2389119,
-0.5964506,-0.0630523,0.6775816,1.3510445,-0.0006953,-0.1041295,-0.3764427,2.1409938,
-0.5771865,-0.0563089,0.7789025,1.3748513,0.128504,-0.0834531,-0.006014,2.1017838,
0.8445685,-0.791294,0.68355054,1.1865283,-0.7388494,-0.3838156,-1.7052178,0.7660027,
0.95317185,-0.774118,0.61655444,1.1916115,-0.7679524,-0.3949666,-1.8577474,0.79403144,
0.84404564,-0.8180974,0.8501006,1.272616,-0.3725942,-0.3222386,-0.1827286,0.6363641,
0.8442743,-0.8078954,0.9095889,1.4220462,-0.0578202,-0.2460854,1.0047821,0.7183781,
0.7840582,-0.7722512,0.794158,1.2917377,-0.1292097,-0.1998163,1.6844364,0.8070316,
0.9818959,-0.6933411,0.6765037,1.2321662,-0.6337131,-0.3585739,-1.2878183,0.92887944,
0.8442743,-0.8078954,0.9095889,1.4220462,-0.0578202,-0.2460854,1.0047821,0.7183781,
0.9077401,-0.7466779,0.7574677,1.2362556,-0.5292038,-0.339976,-0.4400221,0.73653984,
0.7840582,-0.7722512,0.794158,1.2917377,-0.1292097,-0.1998163,1.6844364,0.8070316,